"Order","Price","LotFrontage","LotArea","LotConfig","HouseStyle","Quality","Condition","YearBuilt","YearRemodel","ExteriorQ","ExteriorC","Foundation","BasementHt","BasementC","BasementFin","BasementFinSF","BasementUnFinSF","BasementSF","Heating","HeatingQC","CentralAir","FirstSF","SecondSF","GroundSF","BasementFBath","BasementHBath","FullBath","HalfBath","Bedroom","KitchenQ","TotalRooms","Fireplaces","GarageType","GarageCars","GarageSF","GarageQ","GarageC","WoodDeckSF","OpenPorchSF","EnclosedPorchSF","ScreenPorchSF"
51,175.5,36,2628,"Inside","2Story",7,5,2003,2003,"Gd","TA","PConc","Gd","TA","Unf",0,764,764,"GasA","Ex","Y",764,862,1626,0,0,2,1,2,"Gd",6,0,"BuiltIn",2,474,"TA","TA",0,27,0,0
889,159.5,75,7950,"Corner","2Story",6,6,1977,1977,"TA","TA","CBlock","TA","TA","BLQ",535,155,690,"GasA","TA","Y",698,728,1426,0,0,1,1,3,"TA",6,0,"Attchd",2,440,"TA","TA",252,0,0,0
1312,114,69,9143,"Corner","1.5Fin",5,7,1900,2003,"TA","TA","CBlock","TA","TA","Unf",0,346,346,"GasA","Ex","Y",709,308,1017,0,0,1,0,2,"TA",5,0,"Detchd",1,308,"TA","TA",0,0,139,0
1074,266,63,8849,"Inside","1Story",9,5,2005,2005,"Ex","TA","PConc","Ex","TA","GLQ",28,1656,1684,"GasA","Ex","Y",1684,0,1684,0,0,2,0,2,"Ex",6,1,"Attchd",2,564,"TA","TA",495,72,0,0
1000,286,41,4923,"Inside","1Story",8,5,2001,2002,"Gd","TA","PConc","Ex","TA","GLQ",1153,440,1593,"GasA","Ex","Y",1593,0,1593,1,0,1,1,0,"Ex",5,1,"Attchd",2,682,"TA","TA",0,120,0,224
1849,174,24,2645,"Inside","2Story",8,5,1999,2000,"Gd","TA","PConc","Gd","TA","Unf",0,776,776,"GasA","Ex","Y",764,677,1441,0,0,2,1,2,"Gd",5,0,"Detchd",2,492,"TA","TA",206,0,0,0
1482,149.3,0,4426,"Inside","1Story",6,5,2004,2004,"Gd","TA","PConc","Gd","TA","GLQ",697,151,848,"GasA","Ex","Y",848,0,848,1,0,1,0,1,"Gd",3,1,"Attchd",2,420,"TA","TA",149,0,0,0
2331,545.224,60,18062,"CulDSac","2Story",10,5,2006,2006,"Ex","TA","PConc","Ex","TA","Unf",0,1528,1528,"GasA","Ex","Y",1528,1862,3390,0,0,3,1,5,"Ex",10,1,"BuiltIn",3,758,"TA","TA",204,34,0,0
2077,109.9,84,17808,"Inside","1Story",4,5,1946,1950,"TA","TA","CBlock","TA","TA","Unf",0,484,484,"GasA","TA","N",1242,0,1242,0,0,1,0,2,"TA",4,0,"Attchd",1,336,"TA","TA",0,0,0,0
104,147.11,0,2403,"FR2","2Story",7,5,2003,2003,"Gd","TA","PConc","Gd","TA","GLQ",244,286,530,"GasA","Ex","Y",530,550,1080,0,0,2,1,2,"Gd",4,0,"Attchd",2,496,"TA","TA",0,50,0,0
607,153,85,9350,"Inside","1Story",5,6,1961,1995,"TA","TA","CBlock","TA","TA","ALQ",310,491,1313,"GasA","TA","Y",1313,0,1313,1,0,1,1,3,"Gd",6,1,"Attchd",2,610,"TA","TA",172,28,0,121
57,185.088,63,8577,"Inside","2Story",7,5,2004,2004,"Gd","TA","PConc","Gd","TA","Unf",0,847,847,"GasA","Ex","Y",847,886,1733,0,0,2,1,3,"Gd",7,1,"BuiltIn",2,433,"TA","TA",144,48,0,0
778,165,88,15400,"Inside","SLvl",5,5,1961,1961,"TA","TA","CBlock","TA","Gd","Unf",0,552,552,"GasA","TA","Y",904,611,1774,0,0,2,0,4,"TA",8,1,"Attchd",1,384,"TA","TA",290,40,0,0
1073,274,62,12677,"Inside","1Story",8,5,2003,2004,"Ex","TA","PConc","Ex","TA","GLQ",1218,300,1518,"GasA","Ex","Y",1518,0,1518,0,0,1,1,1,"Ex",6,1,"Attchd",2,588,"TA","TA",185,140,0,0
1574,294,74,11563,"Inside","1Story",8,5,2006,2007,"Gd","TA","PConc","Ex","TA","GLQ",1036,482,1518,"GasA","Ex","Y",1537,0,1537,1,0,2,0,3,"Gd",8,0,"Attchd",3,788,"TA","TA",0,26,0,0
2161,179.4,70,8145,"Inside","2Story",7,5,2007,2007,"Gd","TA","PConc","Gd","TA","Unf",0,738,738,"GasA","Ex","Y",738,738,1476,0,0,2,1,3,"Gd",7,0,"Attchd",2,552,"TA","TA",0,35,0,0
37,376.162,102,12858,"Inside","2Story",9,5,2009,2010,"Ex","TA","PConc","Ex","TA","Unf",0,1590,1590,"GasA","Ex","Y",1627,707,2334,0,0,2,1,3,"Ex",10,1,"Attchd",3,751,"TA","TA",144,133,0,0
2613,159.5,79,8910,"Corner","1Story",6,6,1959,1959,"TA","TA","CBlock","TA","TA","ALQ",655,0,655,"GasA","Ex","Y",1194,0,1194,0,1,1,0,3,"TA",6,1,"BuiltIn",2,539,"TA","TA",0,0,192,0
1201,185,76,9120,"Inside","2Story",6,6,1974,1974,"Gd","TA","CBlock","TA","TA","ALQ",442,459,901,"GasA","TA","Y",943,933,1876,0,0,2,1,4,"Gd",8,1,"Attchd",2,540,"Gd","TA",0,69,0,0
1318,128,35,6300,"Inside","2.5Unf",6,6,1914,2001,"TA","TA","CBlock","TA","TA","Unf",0,742,742,"GasA","Ex","Y",742,742,1484,0,0,2,0,3,"TA",9,1,"None",0,0,"None","None",0,291,134,0
468,174,122,11911,"Inside","2Story",6,5,2005,2005,"Gd","TA","PConc","Gd","TA","Unf",0,684,684,"GasA","Ex","Y",684,876,1560,0,0,2,1,3,"Gd",6,1,"BuiltIn",2,400,"TA","TA",100,38,0,0
574,172.5,24,2645,"Inside","2Story",8,5,1999,2000,"Gd","TA","PConc","Gd","TA","GLQ",649,321,970,"GasA","Ex","Y",983,756,1739,1,0,2,1,3,"Gd",7,0,"Attchd",2,480,"TA","TA",115,0,0,0
2848,137,60,10890,"Inside","1.5Fin",5,5,1938,1950,"TA","TA","BrkTil","Fa","TA","LwQ",930,128,1058,"GasA","TA","Y",1058,493,1551,1,0,2,0,3,"Fa",6,0,"Detchd",1,240,"Fa","TA",0,0,0,0
2066,158,99,16779,"Inside","2Story",5,4,1920,1996,"TA","Fa","CBlock","Gd","TA","BLQ",267,404,671,"GasA","Fa","Y",1567,1087,2654,0,0,3,0,4,"TA",11,1,"Attchd",2,638,"TA","TA",128,570,0,0
2813,198,65,8772,"FR2","1Story",7,5,2005,2006,"Gd","TA","PConc","Gd","TA","GLQ",996,340,1336,"GasA","Ex","Y",1336,0,1336,1,0,2,0,3,"Gd",6,0,"Attchd",2,502,"TA","TA",136,43,0,0
1393,235,0,13500,"Inside","1Story",6,7,1960,1975,"TA","TA","CBlock","Gd","TA","BLQ",429,93,1602,"GasA","Gd","Y",1252,0,1252,1,0,1,0,1,"TA",4,1,"Attchd",2,564,"TA","TA",409,0,0,0
1647,176,78,12090,"Inside","2Story",7,7,1981,2003,"Gd","TA","CBlock","Gd","TA","ALQ",321,404,725,"GasA","Ex","Y",725,754,1479,0,0,2,1,3,"Gd",6,1,"Attchd",2,484,"TA","TA",167,72,0,0
659,109.5,52,9022,"Inside","1Story",5,8,1924,2006,"Gd","TA","BrkTil","TA","TA","Unf",0,768,768,"GasA","Ex","Y",792,0,792,0,0,1,0,2,"Gd",5,0,"Detchd",1,240,"Fa","Fa",316,0,120,0
184,150,60,9600,"Corner","2Story",8,9,1900,2003,"Gd","Gd","BrkTil","TA","TA","Unf",0,930,930,"GasW","TA","N",930,636,1566,0,0,2,0,3,"Gd",7,0,"Detchd",1,288,"TA","TA",54,228,246,0
476,200,0,8068,"Inside","2Story",6,5,2002,2002,"Gd","TA","PConc","Gd","TA","Unf",0,1010,1010,"GasA","Ex","Y",1010,1257,2267,0,0,2,1,4,"Gd",8,1,"BuiltIn",2,390,"TA","TA",120,46,0,0
2109,217,75,11750,"Inside","1Story",7,5,2005,2006,"Gd","TA","PConc","Gd","TA","GLQ",20,1526,1546,"GasA","Ex","Y",1546,0,1546,0,0,2,0,3,"Gd",7,0,"Attchd",3,796,"TA","TA",144,42,0,0
1178,345,36,3951,"Inside","2Story",10,5,1998,1999,"Ex","TA","PConc","Gd","TA","BLQ",128,0,970,"GasA","Ex","Y",1469,924,2393,1,0,2,1,2,"Ex",7,1,"Attchd",2,846,"TA","TA",0,90,0,94
1606,138,60,6600,"Inside","1Story",5,8,1982,2003,"TA","Gd","PConc","TA","Gd","GLQ",816,0,816,"GasA","Ex","Y",816,0,816,1,0,1,0,2,"TA",4,0,"Detchd",2,816,"TA","TA",0,0,0,0
2916,140,80,13384,"Inside","1Story",5,5,1969,1979,"TA","TA","PConc","TA","TA","Rec",119,641,1104,"GasA","Fa","Y",1360,0,1360,1,0,1,0,3,"TA",8,1,"Attchd",1,336,"TA","TA",160,0,0,0
1793,221.3,75,8778,"Inside","2Story",8,5,2006,2006,"Gd","TA","PConc","Gd","TA","Unf",0,1302,1302,"GasA","Ex","Y",1302,528,1830,0,0,2,1,3,"Gd",7,0,"BuiltIn",3,859,"TA","TA",0,40,0,0
294,257.5,78,10452,"Inside","1.5Fin",7,6,1941,1985,"Gd","Gd","BrkTil","Gd","TA","ALQ",426,850,1528,"GasA","Ex","Y",1225,908,2133,1,0,1,1,4,"TA",8,2,"Attchd",1,312,"TA","TA",0,0,86,0
412,123,24,2280,"FR2","1Story",7,5,1975,1975,"TA","TA","CBlock","Gd","TA","ALQ",435,0,1057,"GasA","TA","Y",1055,0,1055,0,1,2,0,2,"TA",4,1,"Attchd",2,440,"TA","TA",0,27,0,0
2344,229,0,13837,"Corner","1.5Fin",7,5,1988,1988,"Gd","Gd","PConc","Gd","Gd","GLQ",1002,0,1204,"GasA","Gd","Y",1377,806,2183,0,0,2,1,4,"Gd",9,0,"Attchd",3,786,"TA","TA",0,0,0,0
1151,144,0,12968,"Inside","1Story",5,6,1962,1962,"TA","TA","CBlock","TA","TA","ALQ",737,175,912,"GasA","TA","Y",912,0,912,1,0,1,0,2,"TA",4,0,"Detchd",1,352,"TA","TA",140,0,0,176
2870,257,78,15600,"Inside","2Story",5,7,1950,1963,"TA","Gd","CBlock","Gd","TA","GLQ",760,408,1168,"GasA","Gd","Y",1278,1037,2315,1,0,2,0,4,"TA",9,3,"Attchd",1,342,"TA","TA",0,0,0,192
855,134.9,76,6950,"Inside","1Story",5,7,1979,1979,"TA","TA","CBlock","TA","TA","ALQ",710,132,914,"GasA","TA","Y",914,0,914,1,0,1,0,2,"TA",5,0,"Attchd",2,444,"TA","TA",0,0,0,0
1394,140,85,13825,"Inside","SLvl",5,6,1958,1987,"TA","Gd","CBlock","TA","TA","Unf",0,533,533,"GasA","TA","Y",1021,580,1601,0,1,1,0,3,"TA",6,0,"BuiltIn",1,300,"TA","TA",280,34,0,0
2144,117,60,7200,"Inside","1Story",4,8,1972,2006,"TA","Gd","CBlock","TA","TA","Rec",385,0,385,"GasA","Gd","Y",875,0,875,0,0,1,0,3,"Gd",5,0,"Detchd",2,728,"TA","TA",352,0,0,0
1001,247.9,45,6264,"Corner","1Story",8,5,1997,1997,"Gd","TA","PConc","Ex","TA","GLQ",656,1008,1664,"GasA","Ex","Y",1682,0,1682,1,0,1,1,1,"Gd",6,1,"Attchd",2,528,"TA","TA",0,0,0,0
664,105,90,5400,"Corner","1.5Fin",4,6,1920,1950,"Fa","TA","PConc","TA","TA","ALQ",315,420,840,"GasA","Ex","Y",840,534,1374,0,0,1,0,2,"TA",6,0,"Detchd",1,338,"TA","TA",0,0,198,0
991,237.5,0,12925,"Corner","1Story",6,7,1970,1970,"TA","TA","CBlock","TA","TA","BLQ",865,340,1205,"GasA","Ex","Y",2117,0,2117,0,0,2,1,4,"TA",7,2,"Attchd",2,550,"TA","TA",0,42,0,0
1554,13.1,80,14584,"Inside","1Story",1,5,1952,1952,"Fa","Po","Slab","None","None","None",0,0,0,"Wall","Po","N",733,0,733,0,0,1,0,2,"Fa",4,0,"Attchd",2,487,"Fa","Po",0,0,0,0
676,133,60,12144,"Inside","1Story",5,7,1949,1950,"Gd","TA","CBlock","TA","TA","Rec",375,457,832,"GasA","Gd","Y",1036,0,1268,0,0,1,0,3,"TA",6,1,"Attchd",1,288,"TA","TA",0,28,0,0
2192,125,60,8172,"Inside","1Story",4,5,1955,1955,"TA","TA","CBlock","TA","TA","BLQ",544,224,768,"GasA","TA","Y",768,0,768,0,0,1,0,2,"TA",4,1,"Detchd",1,355,"TA","TA",0,0,196,0
813,142.953,64,7018,"Inside","2Story",5,5,1979,1979,"TA","TA","Slab","None","None","None",0,0,0,"GasA","TA","Y",1120,1120,2240,0,0,2,0,6,"TA",12,0,"Detchd",2,528,"TA","TA",154,0,0,0
1542,224,0,14778,"CulDSac","1Story",6,7,1954,2006,"Gd","TA","CBlock","TA","TA","BLQ",728,568,1296,"GasA","Ex","Y",1640,0,1640,1,0,1,0,3,"Gd",7,1,"Detchd",2,924,"TA","TA",108,0,0,0
1172,328.9,50,5119,"CulDSac","1Story",9,5,1999,2000,"Gd","TA","PConc","Ex","TA","GLQ",1238,460,1698,"GasA","Ex","Y",1709,0,1709,1,0,2,0,2,"Gd",5,1,"Attchd",2,506,"TA","TA",97,65,0,0
1715,250,92,10732,"Corner","2Story",8,5,2006,2007,"Gd","TA","PConc","Gd","TA","Unf",0,1298,1298,"GasA","Ex","Y",1298,530,1828,0,0,2,1,3,"Gd",7,0,"BuiltIn",3,876,"TA","TA",0,40,0,0
2143,127,60,7200,"Inside","1Story",5,5,1972,2000,"TA","TA","CBlock","TA","TA","ALQ",671,193,864,"GasA","Gd","Y",864,0,864,1,0,1,0,3,"Ex",5,0,"Detchd",2,576,"Gd","Ex",155,0,0,0
2350,207.5,79,10240,"Inside","1Story",6,6,1980,1980,"TA","Gd","CBlock","Gd","TA","BLQ",625,0,1686,"GasA","TA","Y",1686,0,1686,1,0,2,0,3,"TA",7,1,"Attchd",2,612,"TA","TA",384,131,0,0
2712,142.5,75,9000,"Corner","1Story",5,6,1966,1966,"TA","TA","CBlock","TA","TA","ALQ",773,286,1059,"GasA","Gd","Y",1059,0,1059,1,0,1,0,3,"TA",6,0,"Attchd",1,286,"TA","TA",0,88,0,0
2816,164.99,65,8767,"Inside","1Story",7,5,2005,2005,"Gd","TA","PConc","Gd","TA","GLQ",24,1286,1310,"GasA","Ex","Y",1310,0,1310,0,0,2,0,3,"Gd",6,1,"Attchd",2,400,"TA","TA",0,0,0,0
2710,164.5,96,11777,"Inside","SLvl",5,6,1966,1966,"TA","TA","CBlock","TA","TA","LwQ",328,285,1164,"GasA","Ex","Y",1320,0,1320,1,0,1,0,3,"TA",6,2,"Attchd",2,564,"TA","TA",160,68,240,0
2083,150,42,7711,"Inside","1Story",4,3,1977,1977,"TA","TA","PConc","Gd","TA","GLQ",1440,0,1440,"GasA","TA","Y",1440,0,1440,2,0,2,0,4,"TA",8,0,"None",0,0,"None","None",321,0,0,0
537,193,96,10628,"Corner","2Story",7,5,2004,2004,"Gd","TA","PConc","Gd","TA","Unf",0,835,835,"GasA","Ex","Y",871,941,1812,0,0,2,1,3,"Gd",8,0,"BuiltIn",2,478,"TA","TA",146,91,0,0
192,128.5,53,5830,"Corner","1.5Fin",5,6,1950,1997,"TA","Gd","CBlock","TA","TA","Rec",788,200,988,"GasA","Ex","Y",1030,582,1612,0,0,1,1,3,"TA",7,0,"Detchd",1,363,"TA","TA",0,0,0,0
1267,116,74,8892,"Corner","1Story",5,7,1953,1996,"Gd","TA","Stone","TA","TA","Unf",0,105,105,"GasA","Gd","Y",910,0,910,0,0,1,0,3,"Gd",5,0,"Attchd",2,414,"TA","TA",196,0,150,0
1532,149,60,7200,"Inside","2Story",7,6,1931,2000,"TA","Fa","BrkTil","Gd","TA","Unf",0,776,776,"GasA","TA","Y",851,651,1502,0,0,1,1,3,"TA",6,1,"Attchd",1,270,"TA","TA",0,0,112,0
2123,175,57,10021,"Inside","2Story",6,6,1997,2006,"TA","Gd","PConc","Gd","TA","GLQ",539,96,635,"GasA","Ex","Y",646,662,1308,1,0,2,1,3,"Gd",6,0,"Attchd",2,497,"TA","TA",142,54,0,0
2297,138,50,6723,"Inside","SFoyer",5,7,1971,1971,"TA","TA","CBlock","Gd","TA","GLQ",796,0,796,"GasA","TA","Y",796,0,796,0,1,1,0,2,"TA",5,0,"None",0,0,"None","None",129,0,0,0
2560,146.5,89,10858,"Corner","1Story",5,6,1952,1952,"TA","Gd","CBlock","TA","TA","LwQ",40,1404,1444,"GasA","Ex","Y",1624,0,1624,1,0,1,0,2,"TA",6,1,"Attchd",1,240,"TA","TA",0,40,324,0
5,189.9,74,13830,"Inside","2Story",5,5,1997,1998,"TA","TA","PConc","Gd","TA","GLQ",791,137,928,"GasA","Gd","Y",928,701,1629,0,0,2,1,3,"TA",6,1,"Attchd",2,482,"TA","TA",212,34,0,0
1877,156,79,10289,"Inside","1Story",5,7,1965,1965,"TA","TA","CBlock","TA","TA","ALQ",836,237,1073,"GasA","TA","Y",1073,0,1073,1,0,1,1,3,"TA",6,0,"Attchd",2,515,"TA","TA",0,0,0,0
2012,131,60,6000,"Inside","1.5Fin",6,6,1941,1950,"TA","Gd","BrkTil","TA","Gd","ALQ",375,360,735,"GasA","Ex","Y",869,349,1218,0,1,1,0,3,"TA",6,1,"Detchd",2,440,"TA","TA",0,0,0,0
1305,107.9,50,6000,"Corner","1Story",4,7,1954,2000,"TA","TA","CBlock","TA","TA","Unf",0,901,901,"GasA","Ex","Y",901,0,901,0,0,1,0,2,"TA",4,0,"Detchd",1,281,"Fa","TA",0,0,0,0
1591,146,77,9278,"FR2","1Story",5,5,2007,2008,"TA","TA","PConc","Gd","TA","Unf",0,1092,1092,"GasA","Ex","Y",1092,0,1092,0,0,1,0,2,"TA",5,0,"None",0,0,"None","None",0,52,0,0
1698,380,105,13693,"Inside","2Story",9,5,2006,2006,"Ex","TA","PConc","Gd","TA","Unf",0,2153,2153,"GasA","Ex","Y",2069,574,2643,0,0,2,1,3,"Ex",9,1,"BuiltIn",3,694,"TA","TA",414,84,0,0
2549,140,75,10382,"Inside","SLvl",6,5,1958,1958,"TA","Fa","CBlock","TA","TA","ALQ",513,75,588,"GasA","TA","Y",1095,0,1095,1,0,1,0,2,"TA",6,0,"Attchd",1,264,"TA","TA",0,0,0,0
109,130.5,0,13517,"CulDSac","2Story",6,8,1976,2005,"Gd","TA","CBlock","TA","TA","GLQ",533,192,725,"GasA","Ex","Y",725,754,1479,0,0,2,1,3,"Gd",6,0,"Attchd",2,475,"TA","TA",0,44,0,0
600,141.5,60,7436,"Inside","1Story",4,7,1960,1960,"TA","TA","CBlock","TA","TA","ALQ",734,160,894,"GasA","Gd","Y",894,0,894,1,0,1,0,2,"TA",5,1,"Detchd",2,396,"TA","TA",0,0,0,0
1153,115,65,8450,"Inside","1Story",5,5,1968,1968,"TA","TA","CBlock","TA","Fa","ALQ",890,0,890,"GasA","Gd","N",890,0,890,1,0,1,0,3,"TA",5,0,"Detchd",1,308,"TA","TA",0,0,0,0
997,173,0,15038,"Corner","2Story",6,5,1996,1996,"TA","TA","PConc","Gd","TA","Rec",138,778,916,"GasA","Gd","Y",916,720,1636,0,0,2,1,3,"TA",7,1,"Attchd",2,386,"TA","TA",168,84,0,0
2261,267.3,68,8298,"Inside","1Story",8,5,2006,2007,"Gd","TA","PConc","Gd","TA","GLQ",583,963,1546,"GasA","Ex","Y",1564,0,1564,0,0,2,0,2,"Ex",6,1,"Attchd",2,502,"TA","TA",132,0,0,0
1139,170,81,9260,"Corner","1Story",7,5,2007,2007,"Gd","TA","PConc","Gd","TA","Unf",0,1162,1162,"GasA","Ex","Y",1162,0,1162,0,0,2,0,3,"Gd",6,0,"Attchd",2,483,"TA","TA",0,32,0,0
1895,147,0,11382,"Inside","1Story",6,5,1964,1964,"TA","TA","CBlock","TA","TA","ALQ",54,533,1130,"GasA","TA","Y",1374,0,1374,0,1,1,0,3,"TA",7,1,"Attchd",1,286,"TA","TA",0,28,84,0
1899,101.8,70,9842,"FR2","1Story",4,5,1962,1962,"TA","TA","Slab","None","None","None",0,0,0,"GasA","TA","Y",1224,0,1224,0,0,2,0,2,"TA",6,0,"CarPort",2,462,"TA","TA",0,0,0,0
956,137.5,0,14375,"CulDSac","SLvl",6,6,1958,1958,"TA","TA","CBlock","TA","TA","GLQ",111,354,819,"GasA","Gd","Y",1344,0,1344,0,1,1,0,3,"Gd",7,1,"Basment",2,525,"TA","TA",0,118,0,233
2533,142,80,9600,"Corner","1Story",5,5,1968,1968,"TA","TA","CBlock","TA","TA","ALQ",758,293,1051,"GasA","Gd","Y",1051,0,1051,1,0,1,0,3,"TA",6,0,"Attchd",2,504,"TA","TA",0,0,0,0
1915,144,78,11344,"Inside","1.5Fin",5,5,1958,1958,"TA","TA","CBlock","TA","TA","BLQ",460,414,874,"GasW","TA","Y",874,650,1524,0,0,1,1,3,"TA",7,0,"Attchd",1,315,"TA","TA",0,0,0,0
621,140,80,9600,"Inside","1.5Fin",6,8,1950,2005,"TA","Gd","CBlock","TA","TA","BLQ",120,736,856,"GasA","Ex","Y",1112,556,1668,0,0,1,1,3,"TA",6,0,"Attchd",1,271,"TA","TA",0,0,0,0
463,173,48,3480,"Inside","1Story",7,5,2003,2003,"Gd","TA","PConc","Gd","TA","Unf",0,1405,1405,"GasA","Ex","Y",1405,0,1405,0,0,2,0,2,"Gd",6,1,"Attchd",2,478,"TA","TA",148,36,0,0
1604,119.5,37,6951,"CulDSac","1Story",5,5,1984,1985,"TA","TA","CBlock","TA","TA","ALQ",658,218,876,"GasA","TA","Y",923,0,923,1,0,1,0,3,"TA",5,0,"Attchd",1,264,"TA","TA",362,0,0,0
1987,137,57,9639,"Inside","2Story",4,8,1900,1950,"TA","TA","PConc","TA","TA","Unf",0,1075,1075,"GasA","Ex","Y",1156,642,1798,0,0,2,1,4,"TA",7,0,"Detchd",2,342,"TA","TA",0,0,160,0
660,125,60,10230,"Inside","1Story",5,7,1925,1950,"TA","TA","BrkTil","TA","TA","Unf",0,1054,1054,"GasA","Ex","Y",1078,0,1078,0,0,1,0,3,"Ex",6,0,"Detchd",1,264,"TA","TA",0,0,0,112
1716,194.7,61,7577,"Corner","1Story",6,5,2005,2006,"Gd","TA","PConc","Gd","TA","ALQ",20,1342,1362,"GasA","Ex","Y",1362,0,1362,0,0,2,0,2,"Gd",6,1,"Attchd",2,460,"TA","TA",192,28,0,0
1535,110,0,9260,"Inside","1.5Fin",5,4,1938,1950,"TA","TA","BrkTil","TA","TA","Unf",0,884,884,"GasA","TA","Y",932,442,1374,0,0,1,0,3,"TA",6,0,"Detchd",1,225,"TA","TA",64,0,0,100
2470,187.75,60,7200,"Inside","1Story",7,5,2006,2006,"Gd","TA","PConc","Gd","Gd","Unf",0,1293,1293,"GasA","Ex","Y",1301,0,1301,1,0,2,0,2,"Gd",5,1,"Attchd",2,572,"TA","TA",216,121,0,0
2669,125,65,9750,"Inside","1Story",5,5,1958,1958,"TA","TA","CBlock","TA","TA","Unf",0,960,960,"GasA","Ex","Y",960,0,960,0,0,1,0,3,"TA",5,0,"Detchd",2,624,"TA","TA",0,0,0,0
1872,158.5,88,10738,"Corner","1Story",6,7,1966,1966,"TA","TA","CBlock","TA","TA","ALQ",792,301,1093,"GasA","Gd","Y",1093,0,1093,1,0,2,0,3,"TA",6,1,"Attchd",2,484,"TA","TA",224,0,0,0
2145,305.9,80,10386,"Inside","1Story",8,5,2004,2005,"Gd","TA","PConc","Gd","TA","GLQ",1464,536,2000,"GasA","Ex","Y",2000,0,2000,1,0,2,0,3,"Gd",8,0,"Attchd",3,888,"TA","TA",168,0,0,0
2082,80,0,11515,"CulDSac","1Story",4,5,1958,1994,"TA","TA","Slab","None","None","None",0,0,0,"GasA","TA","N",943,0,943,0,0,1,0,3,"Gd",5,0,"Detchd",1,308,"TA","TA",0,0,60,0
497,327,106,12720,"Inside","2Story",8,5,2000,2000,"Gd","TA","PConc","Gd","TA","GLQ",1173,282,1455,"GasA","Ex","Y",1466,1221,2687,1,0,2,1,4,"Gd",10,2,"BuiltIn",3,810,"TA","TA",252,30,0,0
987,130,62,10429,"Inside","2Story",5,5,1992,1992,"TA","TA","PConc","Gd","TA","ALQ",330,294,624,"GasA","TA","Y",624,663,1287,0,0,1,1,3,"TA",6,0,"Detchd",2,440,"TA","TA",150,0,0,0
1688,322.4,91,11825,"Inside","1Story",8,5,2006,2007,"Gd","TA","PConc","Ex","TA","Unf",0,1694,1694,"GasA","Ex","Y",1694,0,1694,0,0,2,0,3,"Gd",7,1,"Attchd",3,856,"TA","TA",0,112,0,0
787,139.6,0,13680,"CulDSac","1Story",3,5,1955,1955,"TA","TA","Slab","None","None","None",0,0,0,"GasA","Ex","Y",1733,0,1733,0,0,2,0,4,"TA",8,1,"Attchd",2,452,"TA","TA",0,0,0,0
2573,132.5,70,7728,"Inside","SLvl",5,6,1962,1962,"TA","TA","CBlock","TA","TA","ALQ",803,303,1106,"GasA","TA","Y",1190,0,1190,1,0,1,0,3,"TA",6,0,"Attchd",2,540,"TA","TA",0,18,0,0
372,181,48,17043,"CulDSac","1Story",6,5,1979,1998,"TA","Gd","CBlock","Gd","Fa","Unf",0,1362,1362,"GasA","TA","Y",1586,0,1586,0,0,2,0,3,"TA",7,1,"Attchd",2,435,"TA","TA",192,0,0,0
2064,129,0,8169,"Corner","1Story",5,7,1966,1966,"TA","Gd","CBlock","TA","TA","Rec",216,261,912,"GasA","Ex","Y",912,0,912,1,0,1,0,3,"Gd",6,0,"Detchd",1,315,"TA","TA",204,0,0,0
2761,209.7,91,10984,"Corner","2Story",7,5,2005,2006,"Gd","TA","PConc","Gd","TA","Unf",0,945,945,"GasA","Ex","Y",945,864,1809,0,0,2,1,3,"Gd",8,0,"Attchd",2,638,"TA","TA",144,54,0,0
2631,155,69,7590,"Inside","2Story",6,5,1966,1966,"TA","TA","CBlock","TA","TA","BLQ",512,148,660,"GasA","TA","Y",660,688,1348,0,0,1,1,3,"TA",6,1,"Attchd",2,453,"TA","TA",188,108,0,0
2606,170,60,10800,"Inside","1.5Fin",5,8,1936,1989,"TA","TA","CBlock","Fa","TA","ALQ",626,170,796,"GasA","Gd","Y",1096,370,1466,0,1,2,0,3,"Gd",7,1,"Attchd",2,566,"TA","TA",436,21,0,0
145,142,0,12160,"Inside","1Story",5,5,1959,1959,"TA","TA","CBlock","TA","TA","Rec",1000,188,1188,"GasA","Fa","Y",1188,0,1188,1,0,1,0,3,"TA",6,0,"Attchd",2,531,"TA","TA",0,0,0,0
2697,84.5,60,6780,"Inside","1.5Fin",6,8,1935,1982,"TA","Fa","CBlock","TA","TA","GLQ",490,30,520,"GasA","Gd","N",520,0,754,1,0,1,0,2,"TA",5,0,"None",0,0,"None","None",53,0,0,0
425,325,108,13173,"Corner","1Story",9,5,2006,2007,"Gd","TA","PConc","Ex","TA","GLQ",1572,80,1652,"GasA","Ex","Y",1652,0,1652,1,0,2,0,2,"Ex",6,2,"Attchd",2,840,"TA","TA",404,102,0,0
631,150,73,8760,"Inside","1Story",5,7,1956,1956,"Gd","TA","CBlock","TA","TA","ALQ",856,313,1169,"GasA","TA","Y",1144,0,1144,1,0,1,0,3,"TA",6,0,"Attchd",1,286,"TA","TA",257,0,0,0
810,147.983,64,7018,"Inside","2Story",5,5,1979,1979,"TA","TA","Slab","None","None","None",0,0,0,"GasA","TA","Y",1114,1114,2228,0,0,2,0,6,"TA",8,0,"Detchd",2,720,"TA","TA",73,0,0,0
1185,205,0,7500,"Inside","2Story",7,5,2002,2002,"Gd","TA","PConc","Gd","TA","Unf",0,952,952,"GasA","Ex","Y",952,860,1812,0,0,2,1,3,"TA",7,1,"Attchd",2,469,"TA","TA",144,112,0,0
7,213.5,41,4920,"Inside","1Story",8,5,2001,2001,"Gd","TA","PConc","Gd","TA","GLQ",616,722,1338,"GasA","Ex","Y",1338,0,1338,1,0,2,0,2,"Gd",6,0,"Attchd",2,582,"TA","TA",0,0,170,0
498,340,0,16545,"Inside","2Story",8,5,1998,1998,"Gd","TA","PConc","Gd","TA","GLQ",781,503,1284,"GasA","Ex","Y",1310,1140,2450,1,0,2,1,3,"Gd",7,1,"Attchd",3,1069,"TA","TA",0,126,0,0
177,119,60,7200,"Corner","1Story",5,7,1940,1992,"TA","Gd","CBlock","TA","TA","BLQ",510,278,788,"GasA","TA","Y",804,0,804,1,0,1,0,2,"Gd",4,2,"Attchd",1,240,"TA","TA",0,0,154,0
1816,128,50,8012,"Inside","2Story",6,5,1980,1980,"TA","TA","CBlock","TA","TA","Unf",0,630,630,"GasA","Ex","Y",630,636,1266,0,0,1,1,2,"TA",5,2,"Attchd",1,283,"TA","TA",340,0,0,0
1928,163.5,0,12155,"Inside","1Story",6,3,1970,1970,"TA","TA","CBlock","Gd","TA","LwQ",1237,420,1657,"GasA","Gd","Y",1657,0,1657,0,1,2,0,3,"TA",7,1,"Attchd",2,484,"TA","TA",0,0,0,147
1222,118,50,7420,"Corner","1.5Unf",5,6,1939,1950,"TA","TA","BrkTil","TA","TA","GLQ",851,140,991,"GasA","Ex","Y",1077,0,1077,1,0,1,0,2,"TA",5,2,"Attchd",1,205,"Gd","TA",0,4,0,0
1992,125,60,9600,"Inside","1.5Fin",5,8,1925,1994,"TA","TA","PConc","TA","TA","Unf",0,702,702,"GasA","Gd","Y",842,630,1472,0,0,1,0,3,"Gd",6,0,"Detchd",1,250,"TA","Fa",0,0,84,0
1475,186.5,75,9750,"Inside","1Story",7,5,2004,2004,"Gd","TA","PConc","Gd","TA","GLQ",24,1421,1445,"GasA","Ex","Y",1445,0,1445,0,0,2,0,3,"Gd",6,0,"Attchd",2,470,"TA","TA",0,35,0,0
1850,239,66,7399,"Inside","2Story",7,5,1997,1998,"Gd","TA","PConc","Gd","TA","BLQ",649,326,975,"GasA","Ex","Y",975,975,1950,0,0,2,1,3,"Gd",7,1,"Detchd",2,576,"TA","TA",0,10,0,198
1007,194.5,0,10832,"Corner","2Story",7,5,1994,1996,"Gd","TA","PConc","Gd","TA","Unf",0,712,712,"GasA","Ex","Y",1086,809,1895,0,0,2,1,3,"Gd",7,1,"Attchd",2,409,"TA","TA",143,46,0,0
1324,110,65,9750,"Inside","1Story",5,6,1959,1959,"TA","TA","CBlock","TA","TA","Rec",200,784,984,"GasA","Gd","Y",984,0,984,1,0,1,0,2,"Fa",5,0,"Detchd",1,308,"TA","TA",0,0,0,0
1714,232.698,71,9254,"Inside","1Story",8,5,2005,2005,"Gd","TA","PConc","Gd","TA","GLQ",119,1602,1721,"GasA","Ex","Y",1721,0,1721,1,0,2,0,3,"Gd",7,0,"Attchd",2,554,"TA","TA",168,27,0,0
2459,232,73,8688,"Inside","1Story",7,5,2005,2005,"Gd","TA","PConc","Gd","TA","Unf",0,1616,1616,"GasA","Ex","Y",1616,0,1616,0,0,2,0,3,"Gd",7,0,"Attchd",3,834,"TA","TA",208,59,0,0
2009,210,70,8737,"Inside","1.5Fin",6,7,1923,1950,"TA","TA","BrkTil","Gd","TA","Rec",300,765,1065,"GasA","Ex","Y",915,720,1635,0,0,1,1,3,"TA",6,1,"Detchd",2,440,"TA","TA",0,38,0,0
927,144.8,70,9100,"Inside","1Story",5,6,1954,1954,"TA","Gd","BrkTil","TA","TA","Rec",154,264,1112,"GasA","Ex","Y",1112,0,1112,1,0,1,0,2,"TA",6,1,"Attchd",1,390,"TA","TA",0,0,0,0
2486,129.5,70,9100,"Inside","1Story",5,4,1962,1962,"TA","TA","CBlock","TA","TA","LwQ",36,952,988,"GasA","Ex","Y",988,0,988,1,0,1,0,3,"TA",6,0,"Detchd",2,624,"TA","TA",0,0,0,0
2718,156.5,0,9662,"Inside","1Story",5,4,1977,1977,"TA","TA","CBlock","Gd","TA","Unf",0,1967,1967,"GasA","TA","Y",1967,0,1967,0,0,2,0,6,"TA",10,0,"Attchd",2,580,"TA","TA",170,0,0,0
2308,169,0,11765,"Corner","1Story",5,5,1957,1957,"TA","TA","CBlock","TA","TA","Rec",1127,490,1617,"GasA","Fa","Y",1797,0,1797,0,0,1,1,3,"TA",7,1,"Attchd",3,963,"TA","TA",0,0,0,0
108,206,40,3880,"Inside","1Story",8,6,1978,1978,"Gd","TA","CBlock","Gd","TA","GLQ",1052,174,1226,"GasA","TA","Y",1226,0,1226,1,0,1,0,1,"Gd",4,1,"Attchd",2,484,"TA","TA",223,78,0,0
1725,318.061,68,7820,"Inside","1Story",9,5,2007,2007,"Ex","TA","PConc","Ex","TA","Unf",0,1869,1869,"GasA","Ex","Y",1869,0,1869,0,0,2,0,2,"Ex",6,1,"Attchd",2,617,"TA","TA",210,54,0,0
613,174.5,85,11475,"Corner","SLvl",6,6,1961,1961,"TA","TA","CBlock","TA","TA","ALQ",568,640,1208,"GasA","Ex","Y",1576,0,1576,1,0,1,0,4,"Gd",7,1,"BuiltIn",2,368,"TA","TA",85,0,0,0
1228,112.9,63,7584,"Inside","1Story",5,5,1953,1953,"TA","TA","CBlock","TA","TA","LwQ",531,505,1036,"GasA","Ex","Y",1036,0,1036,0,0,1,0,3,"TA",5,0,"Attchd",1,312,"TA","TA",120,24,0,0
2448,280,78,12011,"CulDSac","2Story",8,5,1998,1998,"Gd","TA","PConc","Gd","TA","GLQ",956,130,1086,"GasA","Ex","Y",1086,838,1924,1,0,2,1,3,"Gd",7,1,"Attchd",2,592,"TA","TA",208,75,0,374
18,394.432,88,11394,"Corner","1Story",9,2,2010,2010,"Gd","TA","PConc","Ex","TA","GLQ",1445,411,1856,"GasA","Ex","Y",1856,0,1856,1,0,1,1,1,"Ex",8,1,"Attchd",3,834,"TA","TA",113,0,0,0
437,409.9,59,23303,"CulDSac","2Story",8,5,2007,2007,"Gd","TA","PConc","Ex","TA","GLQ",1230,278,1508,"GasA","Ex","Y",1508,1012,2520,1,0,2,1,5,"Ex",10,1,"BuiltIn",3,640,"TA","TA",192,273,0,0
939,222,0,21695,"Corner","1Story",6,9,1988,2007,"Gd","Gd","CBlock","Gd","TA","GLQ",808,72,880,"GasA","Ex","Y",1680,0,1680,1,0,2,0,3,"Gd",5,1,"Attchd",2,540,"TA","TA",292,44,0,0
1212,145,75,8250,"Inside","1Story",6,7,1964,1964,"TA","TA","CBlock","Gd","TA","Rec",787,305,1092,"GasA","Ex","Y",1092,0,1092,1,0,1,0,3,"TA",6,0,"Attchd",2,504,"TA","Gd",0,0,0,0
1876,143,0,10355,"Corner","1Story",5,5,1967,1967,"TA","TA","CBlock","TA","TA","BLQ",695,519,1214,"GasA","TA","Y",1214,0,1214,0,0,2,0,3,"TA",5,1,"Attchd",1,318,"TA","TA",0,111,0,0
1737,181.134,73,8899,"Inside","1Story",7,5,2007,2007,"Gd","TA","PConc","Gd","TA","GLQ",24,1316,1340,"GasA","Ex","Y",1340,0,1340,0,0,2,0,3,"Gd",6,0,"Attchd",2,396,"TA","TA",100,30,0,0
2491,126,0,9308,"CulDSac","1Story",5,5,1965,1965,"TA","TA","CBlock","TA","TA","Rec",554,430,984,"GasA","TA","Y",984,0,984,0,0,1,0,3,"TA",5,0,"Attchd",1,310,"TA","TA",0,0,0,0
90,169,39,15410,"CulDSac","1Story",6,6,1974,2002,"TA","Gd","CBlock","TA","TA","BLQ",126,223,1208,"GasA","Ex","Y",1494,0,1494,1,0,2,0,3,"TA",7,2,"Attchd",2,461,"TA","TA",296,0,186,0
204,159.9,60,12900,"Inside","2Story",6,8,1912,2009,"Gd","Gd","PConc","TA","TA","Unf",0,780,780,"GasA","Ex","Y",780,780,1560,0,0,1,1,3,"Gd",7,0,"None",0,0,"None","None",344,0,0,168
1708,342,99,13069,"Inside","2Story",8,5,2004,2004,"Gd","TA","PConc","Gd","TA","Unf",0,1706,1706,"GasA","Ex","Y",1718,1238,2956,0,0,2,1,5,"Ex",11,1,"BuiltIn",3,916,"TA","TA",194,50,0,0
2314,187.5,0,13031,"Corner","2Story",6,5,1995,1996,"TA","TA","PConc","Gd","TA","ALQ",592,99,691,"GasA","Gd","Y",691,807,1498,0,0,2,1,3,"TA",6,1,"Attchd",2,409,"TA","TA",315,44,0,0
2825,229,90,11060,"Corner","2Story",7,5,2003,2005,"Gd","TA","PConc","Ex","TA","Unf",0,1150,1150,"GasA","Ex","Y",1164,1150,2314,0,0,2,1,3,"Gd",9,1,"BuiltIn",2,502,"TA","TA",0,274,0,0
2639,111.5,60,5520,"Corner","1.5Fin",4,6,1920,1980,"TA","TA","PConc","TA","Fa","LwQ",284,863,1147,"GasA","TA","N",1147,510,1657,0,0,1,0,4,"Fa",9,1,"Detchd",1,162,"Fa","Fa",0,0,0,0
504,263.55,0,11692,"Inside","2Story",8,5,1993,1994,"Gd","TA","PConc","Gd","TA","GLQ",624,549,1173,"GasA","Ex","Y",1215,1017,2232,1,0,2,1,3,"Gd",8,1,"Attchd",2,623,"TA","TA",173,165,0,0
1390,144.9,94,9239,"Inside","1Story",5,8,1963,2003,"TA","Gd","CBlock","TA","TA","GLQ",634,326,960,"GasA","Ex","Y",960,0,960,1,0,1,0,3,"Gd",6,0,"Attchd",1,300,"TA","TA",168,0,0,0
1442,231.5,80,12435,"Inside","2Story",7,5,2001,2001,"Gd","TA","PConc","Gd","TA","GLQ",361,602,963,"GasA","Ex","Y",963,829,1792,0,0,2,1,3,"Gd",7,1,"Attchd",2,564,"TA","TA",0,96,0,0
2035,141,50,9000,"Inside","1.5Fin",6,6,1937,1950,"TA","Gd","PConc","TA","TA","Unf",0,780,780,"GasA","TA","Y",780,595,1375,0,0,1,1,3,"Gd",6,1,"Detchd",1,544,"TA","TA",0,162,0,126
443,350,74,8834,"Inside","2Story",9,5,2004,2005,"Gd","TA","PConc","Ex","TA","GLQ",1170,292,1462,"GasA","Ex","Y",1462,762,2224,1,0,2,1,4,"Ex",10,1,"Attchd",3,738,"TA","TA",184,0,0,0
2755,221.5,86,11210,"Inside","1Story",7,5,2005,2006,"Gd","TA","PConc","Gd","TA","GLQ",20,1594,1614,"GasA","Ex","Y",1614,0,1614,0,0,2,0,3,"Gd",7,0,"Attchd",3,865,"TA","TA",144,59,0,0
1260,106.25,60,10800,"Inside","2Story",4,7,1900,2000,"TA","TA","BrkTil","None","None","None",0,0,0,"GasA","TA","N",694,600,1294,0,0,2,0,3,"TA",7,0,"None",0,0,"None","None",220,114,210,0
916,177,57,7558,"Inside","1.5Fin",6,6,1928,1950,"TA","TA","BrkTil","TA","TA","Unf",0,896,896,"GasA","Gd","Y",1172,741,1913,0,0,1,1,3,"TA",9,1,"Detchd",2,342,"Fa","Fa",0,0,0,0
243,114,0,11200,"CulDSac","1Story",5,3,1964,1964,"TA","Fa","CBlock","TA","TA","Unf",0,1250,1250,"GasA","Ex","Y",1298,0,1298,0,0,2,0,3,"TA",5,0,"Detchd",2,504,"TA","Fa",0,144,0,0
663,59,90,5400,"Inside","1Story",2,5,1940,1950,"Fa","TA","PConc","Fa","TA","Unf",0,416,416,"GasA","Gd","N",599,0,599,1,0,1,0,2,"Gd",4,0,"None",0,0,"None","None",0,81,0,0
1043,106,21,1869,"Inside","2Story",6,6,1970,1970,"TA","TA","CBlock","TA","TA","Rec",321,162,483,"GasA","TA","Y",483,504,987,0,0,1,1,2,"TA",5,0,"Detchd",1,280,"TA","TA",0,0,0,0
500,265,79,10208,"Inside","2Story",7,5,1996,1997,"Gd","TA","PConc","Gd","TA","Unf",0,1264,1264,"GasA","Ex","Y",1277,1067,2344,0,0,2,1,3,"Gd",7,1,"Attchd",3,889,"TA","TA",220,0,0,0
2146,228.5,0,9375,"Inside","2Story",8,5,2002,2002,"Gd","TA","PConc","Gd","TA","Unf",0,1284,1284,"GasA","Ex","Y",1284,885,2169,0,0,2,1,3,"Gd",7,1,"Attchd",2,647,"TA","TA",192,87,0,0
278,64,89,11792,"Inside","1.5Fin",4,5,1948,1950,"TA","TA","CBlock","TA","TA","Unf",0,744,744,"GasA","Ex","N",792,328,1120,0,0,1,0,2,"Fa",5,0,"Detchd",2,480,"TA","Fa",0,0,0,160
1797,212.109,81,10411,"Corner","2Story",5,5,2007,2007,"Gd","TA","CBlock","Gd","TA","Unf",0,725,725,"GasA","Ex","Y",725,863,1588,0,0,3,0,3,"Gd",8,0,"Attchd",2,561,"TA","TA",0,0,0,0
922,160,130,9600,"Inside","1.5Fin",5,7,1940,1950,"Gd","Gd","BrkTil","TA","Fa","Rec",428,300,728,"GasA","Ex","Y",976,332,1308,1,0,1,1,2,"TA",7,2,"Detchd",1,256,"TA","TA",0,70,0,0
414,137.9,24,2349,"Inside","2Story",6,5,1977,1977,"TA","TA","CBlock","Gd","TA","ALQ",389,466,855,"GasA","TA","Y",855,601,1456,0,0,2,1,3,"TA",6,1,"Attchd",2,440,"TA","TA",0,28,0,0
119,143,0,9790,"Inside","1Story",6,5,1963,1963,"TA","TA","CBlock","TA","TA","ALQ",569,678,1328,"GasA","TA","Y",1328,0,1328,1,0,1,1,3,"TA",6,2,"Attchd",2,528,"TA","TA",0,26,0,0
1697,395,110,14226,"Corner","1Story",8,5,2006,2006,"Gd","TA","PConc","Gd","TA","Unf",0,1935,1935,"GasA","Gd","Y",1973,0,1973,0,0,2,0,3,"Gd",9,1,"Attchd",3,895,"TA","TA",315,45,0,0
87,122,0,9819,"Inside","1Story",5,5,1967,1967,"TA","Gd","CBlock","TA","TA","BLQ",450,432,882,"GasA","TA","Y",900,0,900,0,0,1,0,3,"TA",5,0,"Detchd",1,280,"TA","TA",0,0,0,0
618,175,90,9900,"Inside","1Story",6,5,1967,1967,"Gd","TA","CBlock","TA","TA","Rec",1173,507,1680,"GasA","TA","Y",1691,0,1691,1,0,1,0,2,"TA",5,0,"Attchd",2,550,"Gd","TA",0,67,260,0
1651,195,0,12046,"Inside","2Story",6,6,1976,1976,"TA","TA","CBlock","TA","TA","LwQ",156,692,848,"GasA","TA","Y",1118,912,2030,0,0,2,1,4,"Gd",8,1,"Attchd",2,551,"TA","TA",0,224,0,0
747,126.5,50,8635,"Inside","1Story",5,5,1925,1950,"TA","Fa","BrkTil","TA","TA","LwQ",134,938,1072,"GasA","TA","Y",1072,0,1072,1,0,1,0,2,"TA",5,0,"Detchd",5,1184,"Fa","TA",0,0,105,0
2559,161,80,9600,"Inside","1Story",5,6,1961,1990,"TA","TA","CBlock","TA","TA","BLQ",915,336,1251,"GasA","TA","Y",1433,0,1433,1,0,1,0,3,"TA",7,1,"Attchd",2,441,"TA","TA",144,0,205,0
965,213.5,125,14419,"Corner","SLvl",7,5,1987,1989,"TA","TA","PConc","Gd","TA","GLQ",904,117,1645,"GasA","Ex","Y",1479,0,1479,2,0,2,1,3,"Gd",7,1,"Attchd",2,578,"TA","TA",224,238,0,0
2438,215,0,8658,"Inside","2Story",6,5,2000,2000,"TA","TA","PConc","Gd","TA","ALQ",732,250,982,"GasA","Ex","Y",1008,881,1889,0,0,2,1,3,"TA",9,1,"Attchd",2,431,"TA","TA",0,0,0,0
333,85.5,21,1890,"Inside","2Story",4,6,1972,1972,"TA","TA","CBlock","TA","TA","Rec",294,252,546,"GasA","TA","Y",546,546,1092,0,0,1,1,3,"TA",5,0,"Attchd",1,286,"TA","TA",0,0,64,0
2652,135.5,50,6000,"Inside","1Story",5,7,1955,1955,"TA","TA","CBlock","TA","TA","GLQ",576,384,960,"GasA","TA","Y",960,0,960,1,0,1,0,3,"TA",5,0,"Detchd",2,576,"TA","TA",0,0,0,0
1420,260,0,9771,"Corner","2Story",6,5,1995,2002,"Gd","TA","PConc","Gd","TA","LwQ",779,298,1077,"GasA","Ex","Y",1093,1721,2814,0,1,2,1,4,"Gd",9,1,"BuiltIn",2,614,"TA","TA",48,32,0,216
2872,223,0,16381,"Inside","1Story",6,5,1969,1969,"Gd","Gd","CBlock","TA","TA","Rec",1110,734,1844,"GasA","Gd","Y",1844,0,1844,1,0,2,0,3,"Gd",7,1,"Attchd",2,540,"TA","TA",0,73,216,0
2287,106.5,0,1533,"Inside","SLvl",4,5,1970,1970,"TA","TA","CBlock","Gd","TA","GLQ",503,27,530,"GasA","TA","Y",530,462,992,1,0,1,0,2,"TA",4,0,"BuiltIn",1,297,"TA","TA",112,97,0,0
1933,125,60,10950,"Inside","1Story",6,6,1952,1952,"TA","TA","CBlock","TA","TA","ALQ",441,507,948,"GasA","TA","Y",948,0,948,0,0,1,0,2,"TA",5,0,"Detchd",2,410,"TA","TA",0,48,0,0
974,91,21,1596,"Inside","SLvl",4,5,1973,1973,"TA","TA","CBlock","Gd","TA","GLQ",462,0,462,"GasA","TA","Y",526,462,988,1,0,1,0,2,"TA",5,0,"BuiltIn",1,297,"TA","TA",120,101,0,0
812,118.858,64,7018,"Inside","1Story",5,5,1979,1979,"TA","TA","Slab","None","None","None",0,0,0,"GasA","TA","Y",1535,0,1535,0,0,2,0,4,"TA",8,0,"Attchd",2,400,"TA","TA",0,0,0,0
819,323.262,84,10933,"Inside","1Story",9,5,2009,2009,"Ex","TA","PConc","Ex","TA","GLQ",1021,534,1555,"GasA","Ex","Y",1680,0,1680,1,0,1,1,1,"Ex",8,1,"Attchd",3,1138,"TA","TA",185,24,0,0
2881,35.311,50,9000,"Inside","1Story",2,3,1949,1950,"TA","TA","CBlock","TA","TA","BLQ",50,430,480,"GasA","TA","N",480,0,480,1,0,0,0,1,"TA",4,0,"Detchd",1,308,"TA","TA",0,0,0,0
465,184,63,10928,"Inside","2Story",7,5,2005,2005,"Gd","TA","PConc","Gd","Gd","Unf",0,728,728,"GasA","Ex","Y",728,728,1456,0,0,2,1,3,"Gd",8,1,"Attchd",2,390,"TA","TA",100,0,0,0
428,398.8,95,12350,"Inside","2Story",9,5,2009,2009,"Gd","TA","PConc","Ex","TA","GLQ",986,379,1365,"GasA","Ex","Y",1365,1325,2690,1,0,2,1,3,"Ex",8,1,"Attchd",3,864,"TA","TA",0,197,0,0
1792,250,70,9605,"Inside","2Story",7,5,2006,2006,"Gd","TA","PConc","Gd","TA","Unf",0,982,982,"GasA","Ex","Y",982,995,1977,0,0,2,1,3,"Gd",7,0,"Attchd",3,574,"TA","TA",240,53,0,0
416,148.5,24,2289,"Inside","2Story",6,6,1978,1978,"TA","TA","CBlock","TA","TA","ALQ",311,544,855,"GasA","TA","Y",855,586,1441,0,0,2,1,3,"TA",7,1,"Attchd",2,440,"TA","TA",28,0,0,0
1106,350,91,10437,"Inside","1Story",8,6,1995,1995,"Gd","Gd","PConc","Gd","TA","GLQ",1696,413,2109,"GasA","Ex","Y",2113,0,2113,1,0,2,1,2,"Gd",7,1,"Attchd",3,839,"TA","TA",236,46,0,0
2784,174,42,10385,"CulDSac","SLvl",6,6,1978,1978,"TA","TA","CBlock","TA","Gd","ALQ",595,0,995,"GasA","TA","Y",1282,0,1282,0,1,2,0,3,"TA",6,0,"Detchd",3,672,"Fa","TA",386,0,0,0
471,192.5,43,3182,"Inside","1Story",7,5,2005,2006,"Gd","TA","PConc","Gd","TA","GLQ",16,1357,1373,"GasA","Ex","Y",1555,0,1555,0,0,2,0,2,"Gd",7,1,"Attchd",2,430,"TA","TA",143,20,0,0
1948,103.2,55,5500,"Inside","1.5Unf",4,6,1956,1956,"TA","TA","CBlock","TA","TA","Unf",0,882,882,"GasA","Ex","Y",882,0,882,0,0,1,0,1,"TA",4,0,"None",0,0,"None","None",0,0,0,0
811,118.858,64,7018,"Inside","1Story",5,5,1979,1979,"TA","TA","Slab","None","None","None",0,0,0,"GasA","TA","Y",1535,0,1535,0,0,2,0,4,"TA",8,0,"Attchd",2,400,"TA","TA",0,0,0,0
1469,136.5,37,4435,"Inside","1Story",6,5,2003,2003,"Gd","TA","PConc","Gd","TA","GLQ",686,162,848,"GasA","Ex","Y",848,0,848,1,0,1,0,1,"Gd",3,0,"Attchd",2,420,"TA","TA",140,0,0,0
118,142.25,80,9600,"Inside","1Story",5,5,1966,1966,"TA","TA","CBlock","TA","TA","Rec",698,534,1232,"GasA","TA","Y",1232,0,1232,1,0,1,1,3,"TA",6,0,"Attchd",2,490,"TA","TA",0,224,0,0
2633,120,74,7400,"Corner","1Story",7,6,1962,1962,"TA","TA","CBlock","TA","TA","LwQ",809,236,1045,"GasA","Gd","Y",1045,0,1045,1,0,1,0,3,"TA",6,0,"Detchd",2,528,"TA","TA",0,0,0,0
277,144,60,10044,"CulDSac","1Story",5,6,1968,1968,"TA","TA","CBlock","Gd","TA","ALQ",1070,126,1196,"GasA","TA","Y",1196,0,1196,1,0,1,0,3,"TA",6,0,"Attchd",1,336,"TA","TA",257,0,168,0
1561,294.464,44,3843,"Inside","1Story",8,5,2007,2008,"Ex","TA","PConc","Ex","TA","GLQ",1476,120,1596,"GasA","Ex","Y",1648,0,1648,1,1,2,0,2,"Ex",5,1,"Attchd",2,525,"TA","TA",162,53,0,0
2179,157,60,7024,"Inside","1Story",5,5,2005,2006,"TA","TA","PConc","Ex","Gd","ALQ",980,110,1090,"GasA","Gd","Y",1090,0,1090,1,0,1,1,2,"TA",5,0,"Attchd",2,450,"TA","TA",0,49,0,0
507,244.6,74,9612,"Inside","1Story",8,5,2008,2009,"Gd","TA","PConc","Gd","TA","Unf",0,1468,1468,"GasA","Ex","Y",1468,0,1468,0,0,2,0,3,"Gd",6,1,"Attchd",3,898,"TA","TA",210,150,0,0
